port2,level2,country,direction,n,port,n_ship_voyages
acapulco,NA,mexico,destination,2,ACAPULCO,2
accra,NA,ghana,origin,5,ACCRA,2
accra,NA,ghana,origin,5,ACARA,1
accra,NA,ghana,origin,5,ACCRAH,1
accra,NA,ghana,origin,5,ACCRAW,1
accra,NA,ghana,destination,4,DIXCOVE,4
accra,NA,ghana,destination,1,CAPE APPALONIA,1
aden,NA,yemen,destination,2,GULF OF ADEN,2
aden,NA,yemen,origin,1,ADEN,1
algiers,NA,algeria,destination,1,ALGIERS,1
algiers,NA,algeria,origin,1,ALGECIRAS,1
all saints bay,NA,brazil,destination,1,ALL SAINTS BAY,1
all saints bay,NA,brazil,destination,1,ALLERHEILIGEN BAAIJ,1
all saints bay,NA,brazil,origin,1,BAHIA,1
allicanten,NA,NA,origin,1,ALLICANTEN,1
ambon,NA,indonesia,origin,2,AMBOYNA,2
ambon,NA,indonesia,origin,1,AMBOINE,1
américa,NA,NA,destination,1,AMÉRICA,1
américa,NA,NA,destination,1,AMÉRICA MERIDIONAL,1
américa,NA,NA,destination,1,AMÉRICA SEPTENTRIONAL(NOKA),1
américa,NA,NA,destination,1,COSTA FIRME DE LA AMÉRICA,1
amsterdam,NA,netherlands,origin,8,AMSTERDAM,8
amsterdam,NA,netherlands,origin,1,URK,1
anchuthengu,kerala,india,origin,7,ANJENGO,7
anchuthengu,kerala,india,origin,1,ANJANGO,1
anchuthengu,kerala,india,origin,1,ANJANGO ROAD,1
angola,NA,angola,destination,1,ANGOLA,1
anguilla,NA,st kitts and nevis,origin,4,ANGUILLA,4
anguilla,NA,anguilla,origin,1,CUL DE SAC,1
anna de chaces,NA,NA,origin,1,ANNA DE CHACES,1
annobón,NA,equatorial guinea,origin,3,ANNABONA,3
antigua,NA,antigua,origin,48,ST JOHNS ANTIGUA,2
antigua,NA,antigua,origin,48,ST JOHN'S ANTIGUA,1
antigua,NA,antigua,origin,48,ST JOHNS ON A CRUISE TO BERMUDA AND BACK,1
antigua,NA,antigua,origin,48,ST JOHNS ROAD (ANTIGUA),1
antigua,NA,antigua,origin,48,"ST JOHNS, ANTIGUA",1
antigua,NA,antigua,destination,28,ANTIGUA,27
antigua,NA,antigua,destination,28,ST JOHNS (ANTIGUA),1
antigua,NA,antigua,origin,6,ST JOHNS ANTIGUA,2
antigua,NA,antigua,origin,6,ST JOHN'S ANTIGUA,1
antigua,NA,antigua,origin,6,ST JOHNS ON A CRUISE TO BERMUDA AND BACK,1
antigua,NA,antigua,origin,6,ST JOHNS ROAD (ANTIGUA),1
antigua,NA,antigua,origin,6,"ST JOHNS, ANTIGUA",1
antigua,NA,antigua,destination,3,ANTIGUA,27
antigua,NA,antigua,destination,3,ST JOHNS (ANTIGUA),1
apolonia,NA,ghana,destination,1,APOLONIA,1
aquofort harbour,newfoundland,canada,destination,1,"AQUOFORT HARBOUR, NEWFOUNDLAND",1
ascension island,NA,"british overseas territory of saint helena, ascension and tristan da cunha",origin,5,ASCENSION,5
ascension island,NA,"british overseas territory of saint helena, ascension and tristan da cunha",destination,1,ISLA DE LA ASCENSION,1
avatscha,NA,russia,origin,1,AVATSCHA,1
axim,NA,ghana,origin,2,AXIM,2
axim,NA,ghana,destination,2,GUINEE,2
axim,NA,ghana,destination,1,AXIM FORT,1
axim,NA,ghana,destination,1,GUINNEE,1
axim,NA,ghana,origin,1,GUINNEE (KAAP AXIM),1
axim,NA,ghana,destination,1,GULF OF GUINEE,1
bahamas,NA,bahamas,origin,2,CROOKED ISLAND (BAHAMAS),2
bahamas,NA,bahamas,destination,2,"NASSAU, BAHAMAS",2
bahamas,NA,bahamas,destination,2,NEW PROVIDENCE BAHAMAS,2
bahamas,NA,bahamas,origin,1,BAHAMAS,1
bahamas,NA,bahamas,destination,1,CANAL DE BAHAMA,1
bahamas,NA,bahamas,origin,1,MAYAGUANA (BAHAMAS),1
bahamas,NA,bahamas,destination,1,PROVIDENCE (BAHAMAS),1
bahamas,NA,bahamas,origin,1,EGG ISLAND,1
bali,NA,indonesia,origin,3,BALI,2
bali,NA,indonesia,origin,3,BALI (JAVA),1
bali,NA,indonesia,destination,1,SUMBAVA (E BALI),1
bali,NA,indonesia,origin,1,LOMBOCK,1
bali,NA,indonesia,origin,1,LOMBOCK (NR BALI),1
baltimore,maryland,united states,origin,1,BALTIMORE,1
baltimore,maryland,united states,destination,1,BALTIMORE HARBOUR,1
banda aceh,NA,indonesia,origin,6,ACHEAN,1
banda aceh,NA,indonesia,origin,6,ACHEAN HEAD,1
banda aceh,NA,indonesia,origin,6,"ACHEAN HEAD, SUMATRA",1
banda aceh,NA,indonesia,origin,6,ACHEEN (SUMATRA),1
banda aceh,NA,indonesia,origin,6,"ACHEEN HEAD, SUMATRA",1
banda aceh,NA,indonesia,origin,6,PISANG (SUMATRA),1
banda aceh,NA,indonesia,destination,5,ACHEEN,3
banda aceh,NA,indonesia,destination,5,ACHEAN ROAD,1
banda aceh,NA,indonesia,destination,5,ACHEEN ROAD (SUMATRA),1
banda aceh,sumatra,indonesia,origin,1,MOCA MOCA SUMATRA,1
bandar abbas,NA,iran,origin,1,GAMRON,1
bandar abbas,NA,iran,destination,1,GOMBROON,1
bangkok,NA,thailand,origin,1,ZIAM,1
banjar,NA,indonesia,destination,1,BANJAR ROAD,1
banjarmasin,NA,indonesia,origin,1,RIVER BANJOR,1
banyuwangi,NA,indonesia,origin,1,FORT BANJOEWANGIE,1
barbados,NA,barbados,destination,101,BARBADOS,64
barbados,NA,barbados,destination,101,CARLISLE BAY,13
barbados,NA,barbados,destination,101,BARBADOES,5
barbados,NA,barbados,destination,101,CARLISE BAY,4
barbados,NA,barbados,destination,101,CARLISE BAY BARBADOS,4
barbados,NA,barbados,destination,101,CARLISLE BAY BARBADOS,3
barbados,NA,barbados,destination,101,"CARLISLE BAY, BARBADOS",3
barbados,NA,barbados,destination,101,"CALISLE BAY, BARBADOS",1
barbados,NA,barbados,destination,101,CARLISE BAY BARBADOES,1
barbados,NA,barbados,destination,101,CARLISE BAY VIA FUNCHAL,1
barbados,NA,barbados,destination,101,CARLISLE BAY (BARBADOES),1
barbados,NA,barbados,destination,101,EAST END OF BARBADOS (THEN CARLISLE BAY),1
barbados,NA,barbados,origin,1,BARBADOS (CRUISING),1
barbados,NA,barbados,origin,1,BARBUDA,1
barbados,NA,barbados,origin,1,LA BARBADE,1
bardados,NA,barbados,destination,1,BARDADOS,1
barnstable bay,massachusetts,united states,origin,1,BARNSTABLE BAY,1
bayonne,NA,france,origin,1,BAYONNE,1
beachy head,NA,uk,origin,1,BEACHY HEAD,1
belle île,NA,NA,origin,1,BELLE ISLAND,1
belle isle,NA,domincan republic,origin,1,BELLE ISLE,1
bellesoor,NA,NA,destination,1,BELLESOOR,1
bergen,NA,norway,destination,7,BERGEN,4
bergen,NA,norway,destination,7,BERGEN (NORWAY),2
bergen,NA,norway,destination,7,BERGEN/NOORWEGEN,1
bermuda,NA,bermuda,destination,8,BERMUDA,8
bermuda,NA,bermuda,destination,2,"MURRAYS ANCHORAGE, BERMUDA",2
bermuda,NA,bermuda,destination,2,ST GEORGES BERMUDA,2
bermuda,NA,bermuda,origin,1,"MURRAY'S ANCHORAGE, BERMUDA",1
bermuda,NA,bermuda,destination,1,"ST GEORGES BAY, GRENADA",1
berwick,NA,NA,destination,1,BERWICK,1
bic,newfoundland,canada,origin,7,ISLE OF BEC,1
bic,newfoundland,canda,destination,1,"BIC ROAD, NF",1
bilbao,NA,spain,destination,2,BILBAO,2
bissau,NA,guinea-bissau,destination,13,GUINEA,11
bissau,NA,guinea-bissau,destination,13,GOLF VAN GUINEEGUINEA,1
bissau,NA,guinea-bissau,origin,7,GULF OF GUINEA,3
bissau,NA,guinea-bissau,origin,7,COASTAL GULF OF GUINEA,2
bissau,NA,guinea-bissau,origin,7,"ST THOMAS, GULF OF GUINEA",2
bissau,NA,guinea-bissau,origin,1,BOCHT VAN GUINEE,1
bombay,NA,india,destination,40,BOMBAY,38
bombay,NA,india,destination,40,BOMBAY VIA JOHANNA,1
bombay,NA,india,destination,40,"BOMBAY, VIA FALSE BAY",1
bombay,NA,india,destination,2,BOMBAY HARBOUR,2
bona vista,NA,NA,origin,1,BONA VISTA,1
bonrou,NA,NA,origin,1,BONROU,1
bordaux,NA,france,destination,1,CRUISING BAY BISCAY,1
bordeaux,NA,france,origin,3,BORDEAUX,3
bordeaux,NA,france,destination,1,BAY OF BISCAY (CRUISING),1
bordeaux,NA,NA,origin,1,BISCAY,1
boston,NA,united states,origin,14,BOSTON,14
boston,massachusetts,united states,destination,2,BOSTON (CRUISING),1
boston,massachusetts,united states,destination,2,CAPE COD,1
boston,NA,united states,origin,1,SPECTACLE ISLAND (BOSTON),1
boston,massachusetts,united states,origin,1,NANTASKEN,1
boston,massachusetts,united states,destination,1,NANTASKET,1
boston,massachusetts,united states,destination,1,NANTUCKET,1
boston,massachusetts,united states,origin,1,NANTUSKET,1
brest,NA,france,destination,35,BREST,35
brest,NA,france,origin,1,PUERTO DE BRESTE,1
brest,NA,france,destination,1,CRUISE TO FINISTERRE,1
brest,NA,france,destination,1,CAPE FINNISTER,1
bristol,NA,uk,origin,1,BRISSEL,1
bristol,NA,uk,destination,1,BRISSELL HARBOUR,1
bristol,NA,uk,destination,1,BRISTOL CHANNEL,1
bristol,NA,uk,origin,1,BRIZZLE HARBOUR,1
brunswick,north carolina,united states,destination,2,BRUNSWICK,2
bucareli bay,alaska,united states,origin,1,BUCARELY,1
buenos aires,NA,argentina,origin,2,BUENOS AIRES,2
buenos aires,NA,argentina,origin,1,BUENO AIRES,1
buenos aires,NA,argentina,destination,1,DOMINIOS DE AMÉRICA,1
busque,NA,NA,destination,1,BUSQUE,1
buton,NA,indonesia,origin,1,BOUTON,1
caap monte,NA,NA,destination,2,CAAP MONTE,2
caap st jan,NA,NA,destination,1,CAAP ST JAN,1
cabendar road,NA,NA,destination,1,CABENDAR ROAD,1
cabo buena esperanza,NA,NA,destination,1,CABO BUENA ESPERANZA,1
cabo de gracias a dios,NA,NA,origin,1,CABO DE GRACIAS A DIOS,1
cabo san vicente y santa maría y vuelta,NA,NA,destination,1,CABO SAN VICENTE Y SANTA MARÍA Y VUELTA,1
cádiz,NA,spain,destination,103,CÁDIZ,59
cádiz,NA,spain,destination,103,CADIZ,33
cádiz,NA,spain,destination,103,BAHÍA DE CÁDIZ,4
cádiz,NA,spain,destination,103,CÁDIZ?,4
cádiz,NA,spain,destination,103,CÁDIZ ?,1
cádiz,NA,spain,destination,103,"CÁDIZ, LLEGANDO ANTES HASTA LAS AZORES",1
cádiz,NA,spain,destination,103,ESPAÑA (CÁDIZ?),1
cádiz,NA,spain,origin,5,CADIX,4
cádiz,NA,spain,origin,5,OFF CADIZ,1
cádiz,NA,spain,origin,1,CADISE,1
caicos,NA,NA,origin,1,CAICOS,1
calcutta,NA,india,origin,15,BENGAL,6
calcutta,NA,india,origin,15,KEDGEREE,6
calcutta,NA,india,origin,15,BENGALEN,1
calcutta,NA,india,origin,15,BENGALL,1
calcutta,NA,india,origin,15,COX'S ISLAND (BENGAL),1
calcutta,NA,india,destination,10,BENKULEU,3
calcutta,NA,india,destination,10,CALICUT,2
calcutta,NA,india,destination,10,"DIAMOND HARBOUR, BENGAL",2
calcutta,NA,india,destination,10,BENGAL VIA MADERIA,1
calcutta,NA,india,destination,10,BENKULEU VIA ST HELENA,1
calcutta,NA,india,destination,10,MERGUI ROAD (BAY OF BENGAL),1
calcutta,NA,india,origin,5,CALCUTTA,5
calcutta,NA,india,destination,1,BALLISORE (BALESHWAR) ROAD,1
calcutta,NA,india,origin,1,SAUGER ROADS,1
calcutta,NA,india,origin,1,SAUGOR  ROADS,1
calcutta,NA,india,origin,1,SAUGOR ROAD,1
calcutta,NA,india,origin,1,SAUGOR ROADS,1
calcutta,NA,NA,origin,1,CHINTSURA,1
caldera,NA,chile,origin,1,MORAO DE COPIAPO,1
camariñas,NA,spain,destination,1,CAMARIÑAS,1
camarones,NA,cameroon,destination,1,CAMMEROENES,1
campeche,yucatan,mexico,origin,1,CAMPECHE,1
cap de bonne-espérance,NA,NA,origin,1,CAP DE BONNE-ESPÉRANCE,1
cap de diemen,NA,NA,origin,1,CAP DE DIEMEN,1
cap-haitien,NA,haiti,destination,8,ST DOMINGUE,8
cap-haitien,NA,haiti,origin,7,CAP,7
cap-haitien,NA,haiti,origin,1,CAAP FRANCAIS,1
cap-haitien,NA,haiti,origin,1,CAP FRANCAIS,1
cap-haitien,NA,haiti,origin,1,CAP FRANCAISE,1
cap-haitien,NA,haiti,origin,1,CAP FRANCOIS,1
cap-haitien,NA,haiti,origin,1,CAPE FRANCOIS HARBOUR,1
cap-haitien,NA,haiti,origin,1,"CAPE FRANCOIS HARBOUR, HISPANOLA",1
cape comerin,tamil naidu,india,origin,1,CAPE COMERIN,1
cape delgada,NA,NA,origin,1,CAPE DELGADA,1
cape fear,north carolina,united states,origin,1,CAPE FEAR,1
cape florida,florida,united states,origin,1,CAPE FLORIDA,1
cape florida,florida,united states,origin,1,CAPE OF FLORIDA,1
cape henlopen,NA,NA,origin,1,CAPE HENLOPEN,1
cape henry,NA,NA,destination,2,CAPE HENRY,2
cape lahabe,NA,NA,destination,1,CAPE LAHABE,1
cape land,NA,NA,destination,1,CAPE LAND,1
cape lougan,NA,NA,origin,1,CAPE LOUGAN,1
cape mount,NA,NA,destination,1,CAPE MOUNT,1
cape negrais,NA,burma,destination,1,CAPE NEGRAIS BURMA,1
cape nicholas,NA,san domingo,origin,2,CAPE NICHOLAS,2
cape nicholas,NA,san domingo,origin,1,CAPE NICHOLAS (SANTO DOMINGO),1
cape nicholas,NA,san domingo,destination,1,"CAPE NICHOLAS, SAN DOMINGO",1
cape of good hope,NA,south africa,destination,42,KAAP DE GOEDE HOOP,25
cape of good hope,NA,south africa,destination,42,CAPE OF GOOD HOPE,13
cape of good hope,NA,south africa,destination,42,SIMONSBAAI,4
cape of good hope,NA,south africa,destination,42,TABE BAY,1
cape of good hope,NA,south africa,origin,27,SIMONS BAY,12
cape of good hope,NA,south africa,origin,27,CAPE,4
cape of good hope,NA,south africa,origin,27,SIMON'S BAY,4
cape of good hope,NA,south africa,origin,27,CRUISE OFF CAPE,3
cape of good hope,NA,south africa,origin,27,CAPE GOOD HOPE,2
cape of good hope,NA,south africa,origin,27,FALSE BAY,1
cape of good hope,NA,south africa,origin,27,SIMONSBAAIJ,1
cape of good hope,NA,NA,destination,2,CABO DE GOEDE HOOP,2
cape of good hope,NA,south africa,origin,1,CAPE AGULLAS,1
cape of good hope,NA,south africa,origin,1,CAPE LAGUALLAS,1
cape of good hope,NA,south africa,origin,1,CAPE LAGULAS,1
cape of good hope,NA,south africa,origin,1,CAPE LAGULLAS,1
cape of good hope,NA,south africa,origin,1,BAAI FALS,1
cape of good hope,NA,south africa,origin,1,BAAI FALSO,1
cape of good hope,NA,south africa,destination,1,BAAIJ FALSO,1
cape of good hope,NA,NA,origin,1,CAAP DE GOEDE HOOP,1
cape of good hope,NA,NA,destination,1,KAAP DE GOEDE HOOP,25
cape of good hope,NA,NA,destination,1,CAPE OF GOOD HOPE,13
cape of good hope,NA,NA,destination,1,SIMONSBAAI,4
cape of good hope,NA,NA,destination,1,TABE BAY,1
cape of good hope,NA,south africa,origin,1,KAAP DE GOEDE HOOP VIA O. INDIE,1
cape of good hope,NA,south africa,destination,1,VALSBAAI,1
cape pillar,NA,NA,origin,1,CAPE PILLAR,1
cape ray,newfoundland,canada,origin,1,CAPE RAY (NEWFOUNDLAND),1
cape sambrough,NA,NA,origin,1,CAPE SAMBROUGH,1
cape spartel,NA,NA,origin,1,CAPE SPARTEL,1
cape spear,newfoundland,canada,origin,1,CAPE SPEAR (NEWFOUNDLAND),1
cape st marie,NA,NA,destination,1,CAPE ST MARIE,1
cape st mary,NA,NA,destination,1,CAPE ST MARY,1
cape st nicholas,NA,NA,origin,1,CAPE ST NICHOLAS,1
cape st vincent,NA,NA,origin,2,CAPE ST VINCENT,2
cape town,NA,south africa,origin,55,TABLE BAY,51
cape town,NA,south africa,origin,55,KAAPSTAD,4
cape town,NA,NA,origin,2,TAFELBAAI,2
cape town,NA,south africa,destination,1,CAPE TOWN,1
cape town,NA,south africa,origin,1,SALDANHA,1
cape town,NA,south africa,origin,1,SALDANHA BAY,1
cape verde,NA,cape verde,origin,1,CAPE DE VERDE,1
cape verde,NA,NA,origin,1,KAAP VERDE,1
cape virgin,NA,NA,origin,1,CAPE VIRGIN,1
caribe,NA,NA,origin,1,CARIBE,1
caribean,NA,NA,origin,3,CARIBEAN,3
carnar,NA,NA,origin,1,CARNAR,1
carrick road,NA,NA,origin,2,CARRICK ROAD,2
cartagena,NA,spain,origin,4,CARTAGENA,4
cartagena,NA,spain,destination,1,CARTAGENA (ESPAÑA),1
cartagena,NA,spain,origin,1,I. DEL CUERVO,1
casserijen,NA,NA,origin,1,CASSERIJEN,1
castries,NA,russia,origin,1,CASTRIES,1
cayenne,NA,french guiana,destination,2,CAYENNE,2
cayman islands,NA,uk,origin,1,CAYMANS BAY (CAPE),1
ceserijen,NA,NA,origin,1,CESERIJEN,1
charleston,south carolina,united states,destination,1,ASHLEY RIVER,1
charleston,south carolina,united states,destination,1,"PORT ROYAL, SOUTH CAROLINA",1
charlestown,south carolina,united states,origin,14,CHARLESTOWN,11
charlestown,south carolina,united states,origin,14,CHARLESTON,3
charlestown,south carolina,united states,origin,5,CHARLES TOWN,5
charlestown,south carolina,united states,destination,3,CAROLINA,1
charlestown,south carolina,united states,destination,3,CHALESTOWN,1
charlestown,south carolina,united states,destination,3,CHARLESTOWN N.CAROLINA,1
chatham,kent,uk,destination,1,CHATHAM,1
chebuto,NA,NA,destination,1,CHEBUTO,1
cheribon,NA,indonesia,origin,1,CHEREBON ROAD,1
cheribon,NA,indonesia,origin,1,CHERIBON,1
chibucto harbour,halifax,canada,origin,1,CHIBUCTO HARBOUR (HALIFAX),1
chiloé,NA,chile,origin,1,CHILOÉ,1
christiaan zand,NA,NA,destination,1,CHRISTIAAN ZAND,1
christmas island,NA,australia,destination,1,CHRISTMAS ISLAND,1
christmas island,NA,australia,destination,1,JAVA (XMAS ISLAND),1
churchill,manitoba,canada,origin,6,YORK FACTORY,4
churchill,manitoba,canada,origin,6,CHURCHILL,2
churchill,NA,canada,origin,1,HUDSON BAY,1
churchill,NA,canada,destination,1,HUDSON BAY CHURCHILL,1
churchill,NA,NA,origin,1,HUDSON BAY MOOSE,1
cléire,NA,ireland,origin,3,CAPE CLEAR,3
coastal caribean,NA,NA,origin,2,COASTAL CARIBEAN,2
coastal english channel,NA,NA,origin,1,COASTAL ENGLISH CHANNEL,1
coastal gulf of guinee,NA,NA,origin,1,COASTAL GULF OF GUINEE,1
coastal to cochin,NA,NA,destination,1,COASTAL TO COCHIN,1
cochine,NA,NA,origin,1,COCHINE,1
collemoye,NA,NA,destination,1,COLLEMOYE,1
colombo,NA,sri lanka,destination,19,CEYLON,9
colombo,NA,sri lanka,destination,19,COLOMBO,8
colombo,NA,sri lanka,destination,19,"COLOMBO, CEYLON",1
colombo,NA,sri lanka,destination,19,COLUMBO,1
colombo,NA,sri lanka,origin,1,COLOMBO (SRI LANKA),1
colombo,NA,sri lanka,destination,1,"POINT DE GALLE ROAD, CEYLON",1
concepción,NA,chile,origin,3,CONCEPCIÓN (CHILE),2
concepción,NA,chile,origin,3,LA CONCEPCIÓN DE CHILE,1
concepción,NA,chile,destination,1,CONCEPCION DE CHILE,1
connecticutt,connecticutt,united states,origin,1,CONNECTICUTT,1
copenhagen,NA,denmark,destination,1,KOPENHAGEN,1
cork,NA,ireland,origin,27,CORK,22
cork,NA,ireland,origin,27,KINSALE,4
cork,NA,ireland,origin,27,CORK (WESTERN APPROACHES),1
cork,NA,ireland,origin,1,KINGSALE,1
cork,NA,ireland,origin,1,KINSALE (EIRE),1
cork,NA,ireland,origin,1,KINSALE ROAD,1
cork,NA,ireland,destination,1,IERLAND,1
cormantijn,NA,ghana,origin,1,CORMANTIJN,1
coruña,NA,spain,origin,31,LA CORUÑA,30
coruña,NA,spain,origin,31,CORUÑA,1
corvo,NA,cape verde,origin,1,CORVO,1
crany island,NA,NA,origin,1,CRANY ISLAND,1
crew setra,NA,NA,origin,1,CREW SETRA,1
crookhaven,NA,NA,origin,1,CROOKHAVEN,1
croque,newfoundland,canada,origin,1,"CROQUE, NEWFOUNDLAND",1
cruising caribbean,NA,caribbean,origin,1,CRUISING CARIBEAN,1
cuddalore,tamil naidu,India,destination,2,CUDDALORE,2
cuddalore,NA,india,origin,2,FORT ST DAVID,2
cuddalore,NA,india,origin,1,FORT ST DAVIDS ROAD,1
cumbava,NA,seychelles,origin,1,CUMBAVA,1
curaçao,NA,NA,destination,2,CURAÇAO,2
dakar,NA,senegal,destination,12,GOREE,6
dakar,NA,senegal,destination,12,SENEGAL,6
dakar,NA,senegal,origin,3,CAPE VERDE (DAKAR),1
dakar,NA,senegal,origin,3,SENEGAL RIVER,1
dakar,NA,senegal,origin,3,SENEGAL ROAD,1
decima,NA,NA,destination,1,DECIMA,1
delaware,NA,united states,origin,1,DELAWARE,1
delfzijl,NA,netherlands,destination,1,DELFZIJL,1
dellago bay,NA,NA,origin,1,DELLAGO BAY,1
den helder,NA,netherlands,destination,16,NEDERLAND,15
den helder,NA,netherlands,destination,16,NIEUWE DIEP,1
den helder,NA,netherlands,origin,4,NIEUWEDIEP,4
den helder,NA,netherlands,destination,2,THE NETHERLANDS,2
den helder,NA,netherlands,origin,1,HOLLAND,1
den helder,NA,netherlands,origin,1,DUINS,1
diego garcia,british indian ocean territory,uk,origin,1,DIEGO GARCIA,1
dixcove,NA,ghana,destination,1,DICKIS COVE,1
dixcove,NA,ghana,destination,1,DIX COVE,1
dominica,NA,lesser antilles,destination,1,DOMINICO,1
dominica,NA,lesser antilles,origin,1,DOMINIQUE,1
dominica,NA,lesser antilles,destination,1,"DOMINIQUE, CADIX, MALAGUA ET RETOUR A BREST",1
douala,NA,cameroon,destination,1,CAMARONES,1
douala,NA,cameroon,destination,1,RIO CAMEROUN,1
dover,NA,uk,origin,2,DOVER,2
downs,NA,uk,destination,49,DOWNS,35
downs,NA,uk,destination,49,DOWNS UK,7
downs,NA,uk,destination,49,DOWNS VIA ST HELENA,2
downs,NA,uk,destination,49,THE DOWNS,2
downs,NA,uk,destination,49,DOWNS (ENGLAND),1
downs,NA,uk,destination,49,DOWNS UK VIA ST HELENA,1
downs,NA,uk,destination,49,"THE DOWNS, UK",1
downs,NA,uk,destination,1,DOWNES,1
downs,NA,uk,origin,1,THE DOWNES,1
downs,NA,uk,destination,1,UK(?),1
dublin,NA,ireland,origin,1,DUBLIN BAY,1
dungeness,NA,NA,origin,2,DUNGENESS,2
dungeness,NA,NA,destination,1,DUNGERNESS,1
east river,NA,NA,destination,1,EAST RIVER,1
easter island,NA,chile,destination,6,ISLA DE PASCUA Y EL CALLAO,1
easter island,NA,chile,origin,1,EASTER ISLAND,1
easter island,NA,chile,origin,1,ILE DE PAQUE,1
easter island,NA,chile,origin,1,ISLA DE PASCUA,1
edinburgh,scotland,uk,destination,1,"SPITSBERGEN, EDINBURGH",1
elmina,NA,ghana,origin,14,ELMINA,9
elmina,NA,ghana,origin,14,ST GEORGE D'ELMINA,4
elmina,NA,ghana,origin,14,ST GEORGE D'ELMINAR,1
elmina,NA,ghana,origin,6,CAPE COAST,6
elmina,NA,ghana,origin,1,CAPE CORSE CASTLE,1
elmina,NA,ghana,origin,1,EL MINA,1
english bay,NA,antigua,destination,1,ANTEGUA,1
english bay,NA,antigua,origin,1,"ENGLISH BAY, ANTIGUA",1
epe,NA,nigeria,origin,1,EPPE,1
epe,NA,nigeria,origin,1,EPPEE,1
europa,NA,NA,origin,2,EUROPA,2
faial,azores,portugal,origin,11,FAYAL,6
faial,azores,portugal,origin,11,"FAYAL, AZORES",3
faial,azores,portugal,origin,11,AZOREN,1
faial,azores,portugal,origin,11,"ST MICHAELS, AZORES",1
faial,azores,portugal,destination,6,AZORES,3
faial,azores,portugal,destination,6,AZORES AND BACK,1
faial,azores,portugal,destination,6,CRUISE TO AZORES,1
faial,azores,portugal,destination,6,FAYAL ROAD AZORES,1
faial,azores,portugal,destination,1,GRATIOSA,1
falmouth,NA,uk,origin,15,FALMOUTH,15
falmouth,NA,uk,destination,1,FALMOUTH UK,1
fermouse,newfoundland,canada,destination,1,"FERMOUSE, NF",1
fernando de noronha,NA,brazil,origin,1,FERDINANDO LORONHO,1
fernando de noronha,NA,brazil,origin,1,FERNANDO NORONHA,1
ferrol,NA,spain,origin,9,FERROL,6
ferrol,NA,spain,origin,9,EL FERROL,2
ferrol,NA,spain,origin,9,FERROL HARBOUR,1
ferrol,NA,spain,destination,3,FERROL HARBOUR - CRUISING THE WESTERN APPROACHES,1
ferrol,NA,spain,destination,3,FERROL?,1
ferrol,NA,spain,destination,3,LISBOA-FERROL,1
ferrol,NA,spain,origin,1,FERRO,1
flat point,NA,indonesia,origin,1,FLAT POINT,1
florida,florida,united states,destination,1,"CUMBERLAND ISLAND, FLORIDA",1
florida,florida,united states,origin,1,FLORIDA,1
florida keys,florida,united states,origin,2,FLORIDA KEYS,2
fort dauphin,NA,madagascar,origin,1,FORT DAUPHIN,1
fort johnson,south carolina,united states,destination,1,FORT JOHNSON,1
fort royal,NA,jamaica,origin,34,JAMAICA,34
fort royal,NA,jamaica,origin,1,LONG BAY JAMAICA,1
fort royal,NA,jamaica,origin,1,PORT ANTOIO JAMAICA,1
fort royal,NA,jamaica,origin,1,PORT ANTONIO,1
fort william,newfoundland,canada,origin,2,FORT WILLIAM,2
freetown,NA,sierra leone,origin,2,CAPE SIERRA LEONE,2
freetown,NA,sierra leone,destination,2,SIERA LEONE,1
freetown,NA,sierra leone,destination,2,SIERRA LION,1
freetown,NA,sierra leone,origin,2,SIERRA LEONE,2
freetown,NA,sierra leone,destination,2,KAAP MASURADO,2
freetown,NA,sierra leone,origin,1,CAPE SERRA LION,1
freetown,NA,sierra leone,origin,1,SIERRA LEON,1
freetown,NA,sierra leone,destination,1,KAAP MAZURADO,1
freetown,NA,sierra leone,destination,1,KAAP MONTE,1
freetown,NA,sierra leone,destination,1,KUST VAN AFRIKA,1
galle,NA,sri lanka,origin,7,PUNTO GALE,3
galle,NA,sri lanka,origin,7,GALLE,2
galle,NA,sri lanka,origin,7,POINT DE GALLE,2
galle,NA,sri lanka,origin,1,GALE,1
galle,NA,sri lanka,origin,1,PUNTE GALE,1
galle,NA,sri lanka,origin,1,PUNTO GALLE,1
gambia,NA,gambia,destination,2,GAMBIA,2
gambia,NA,gambia,origin,1,GAMBIA RIVER,1
gambia river,NA,gambia,origin,1,RIVER GAMBIA,1
gaspy bay,NA,bermuda,origin,1,GASPY BAY,1
george island,british columbia,canada,origin,1,SURGIDERO DE SAN ROQUE,1
georgetown,NA,guyana,origin,1,DEMMERARIJ,1
georgetown,NA,guyana,origin,1,GUJANA,1
georgetown,NA,guyana,origin,1,GUYANA,1
georgetown,NA,guyana,origin,1,RIO DEMERARY,1
georgetown,NA,guyana,origin,1,RIO DEMMERARY,1
georgetown,NA,guyana,origin,1,RIO DOMMERAAIJ,1
gibraltar,NA,uk,destination,17,GIBRALTAR,17
gibraltar,NA,uk,destination,1,ANTIGUA TO GIBRALTAR,1
gibraltar,NA,uk,destination,1,GIBRALTAR VIA ANTIGUA,1
gibralter,NA,uk,origin,1,GIBRALTER,1
gibralter,NA,uk,destination,1,GIBRALTOR VIA ANTIGUA,1
goa,NA,india,origin,2,GOA ROAD,2
goa,NA,india,origin,1,BAIJ VAN DILAGOA,1
goa,NA,india,destination,1,GOA,1
goa,NA,india,origin,1,MANGASEER ROAD,1
golf van guinee,NA,NA,origin,2,GOLF VAN GUINEE,2
gothenburg,NA,sweden,origin,1,GOTHENBURG,1
gothenburg,NA,sweden,origin,1,ZWEDEN,1
grand bank,newfoundland,uk,destination,1,"GRAND BANC, TERRE NEUVE ET RETOUR A HONFLEUR",1
grand popo,NA,benin,origin,1,POPO,1
grand-lahou,NA,ivory coast,destination,1,CAAP LAHOE,1
grand-lahou,NA,ivory coast,destination,1,KAAP LA HOU,1
grand-lahou,NA,ivory coast,origin,1,KAAP LAHOE,1
gravesend,NA,uk,origin,11,GRAVESEND,11
gravesend,NA,uk,origin,2,GRAVESEND UK,2
guadeloupe,NA,guadeloupe,origin,10,GUADELOUPE,9
guadeloupe,NA,guadeloupe,origin,10,LA GUADELOUPE,1
guadeloupe,NA,lesser antilles,origin,1,DESEADA,1
guernsey,NA,channel islands,origin,3,GUERNSEY,3
gulf of maine,maine,united states,origin,1,GULF OF MAINE,1
hailfax,halifax,canada,destination,1,HAILFAX,1
halifax,halifax,canada,destination,40,HALIFAX,40
halifax,halifax,canada,origin,1,HALIFAX (CHABUKTA HARBOUR),1
halifax,halifax,canada,destination,1,HALIFAX (CHIBUCTO HARBOUR),1
halifax,halifax,canada,origin,1,HALIFAX (NF),1
halmahera,NA,indonesia,origin,1,(GILOLO) HALMAHIRA,1
hampton road,virginia,united states,destination,16,HAMPTON ROAD VIRGINIA,7
hampton road,virginia,united states,destination,16,HAMPTON ROAD,5
hampton road,virginia,united states,destination,16,"HAMPTON ROAD, VIRGINIA",3
hampton road,virginia,united states,destination,16,CHESAPEAKE,1
hampton road,virginia,united states,origin,9,VIRGINIA,5
hampton road,virginia,united states,origin,9,HAMPTON,3
hampton road,virginia,united states,origin,9,HAMPTON ROAD (VIRGINIA),1
hampton road,virginia,united states,origin,1,"TANGIER BAY, CHESAPEAKE",1
hampton road,virginia,united states,origin,1,YORK IN VIRGINIA,1
hampton road,virginia,united states,destination,1,NORFOLK VIRGINIA,1
hampton road,virginia,united states,destination,1,"NORFOLK, VIRGINIA",1
havana,NA,cuba,origin,54,LA HABANA,40
havana,NA,cuba,origin,54,HAVANA,3
havana,NA,cuba,origin,54,CUBA,2
havana,NA,cuba,origin,54,HAVANNA,2
havana,NA,cuba,origin,54,LA HABANA.,2
havana,NA,cuba,origin,54,HAVANA (CUBA),1
havana,NA,cuba,origin,54,HAVANNA(?),1
havana,NA,cuba,origin,54,HAVANNAH,1
havana,NA,cuba,origin,54,HAVANNAH (CUBA),1
havana,NA,cuba,origin,54,LA HAVANE,1
havana,NA,cuba,destination,1,MASA FUERA,1
havana,NA,cuba,origin,1,MASAFUERA,1
havana,NA,cuba,origin,1,MATANZES (CUBA),1
havre,NA,NA,origin,1,HAVRE,1
hawaii,hawaii,united states,origin,1,OWHYHEE,1
hawaii,hawaii,united states,origin,1,WOAHOO,1
hawaii,hawaii,united states,origin,1,SANDWICH ISLANDS,1
hellevoetsluis,NA,netherlands,origin,19,HELLEVOETSLUIS,19
hellevoetsluis,NA,netherlands,origin,1,HELVOETSLUIS,1
hobart,tasmania,australia,origin,1,HOBART,1
honfleur,NA,france,origin,1,HONFLEUR,1
hong kong,NA,china,origin,6,CANTON,4
hong kong,NA,china,origin,6,"CANTON RIVER, CHINA",1
hong kong,NA,china,origin,6,WAMPOA,1
hong kong,NA,china,destination,5,WAMPOE,3
hong kong,NA,china,destination,5,CANTON VIA AUSTRALIA,1
hong kong,NA,china,destination,5,CHINA,1
hong kong,NA,china,origin,2,WHAMPOA,2
hong kong,NA,china,destination,1,WHAMPOE,1
hong kong,NA,china,destination,1,LA CÔTE DE CHINE,1
iceland,NA,iceland,origin,2,ICELAND,2
iceland,NA,iceland,origin,1,ICELAND (COASTAL),1
ile d'aix,NA,france,origin,3,AIX ROAD,1
ile d'aix,NA,france,origin,3,ILE D'AIX,1
ile d'aix,NA,france,origin,3,ISLE D´AIX,1
ile d'aix,NA,france,origin,2,ISLE D'AIX,2
ile d'aix,NA,france,origin,2,L'ILE D'AIX,2
ile d'aix,NA,france,origin,1,BASQUE ROAD,1
ile d'aix,NA,france,origin,1,L'ISLE D'AIX,1
île de la possession ,crozet Islands,french southern territories,origin,1,ISLA DE FRANCIA,1
ingelee,west bengal,india,origin,1,INGELEE,1
ingelee,west bengal,india,origin,1,INGERLEE,1
isla de los estados,NA,argentina,destination,1,ISLA DE LOS ESTADOS,1
islas de barlovento,NA,lesser antilles,destination,1,ISLAS DE BARLOVENTO,1
ivoorkust,NA,ivory coast,origin,1,IVOORKUST,1
jakarta,NA,indonesia,origin,78,BATAVIA,37
jakarta,NA,indonesia,origin,78,JAVA HEAD,31
jakarta,NA,indonesia,origin,78,BENKULEN,5
jakarta,NA,indonesia,origin,78,BATAVIA ROAD,1
jakarta,NA,indonesia,origin,78,BATAVIA?,1
jakarta,NA,indonesia,origin,78,JAVA HEAD VIA ST HELENA,1
jakarta,NA,indonesia,origin,78,MEW BAY -JAVA,1
jakarta,NA,indonesia,origin,78,MEW BAY-JAVA,1
jakarta,NA,indonesia,destination,16,JAVA,7
jakarta,NA,indonesia,destination,16,ANJER ROAD JAVA,1
jakarta,NA,indonesia,destination,16,BATAVIA (VIA ST HELENA),1
jakarta,NA,indonesia,destination,16,BATOWIA ROAD,1
jakarta,NA,indonesia,destination,16,BATVIA,1
jakarta,NA,indonesia,destination,16,"BENKULEN, SUMATRA",1
jakarta,NA,indonesia,destination,16,"MAURITIUS, BATAVIA",1
jakarta,NA,indonesia,destination,16,PRINCES ISLAND (JAVA),1
jakarta,NA,indonesia,destination,16,SUMATRA,1
jakarta,NA,indonesia,destination,16,SUMBA (OFF JAVA),1
jakarta,NA,indonesia,origin,1,BENCOOLEN,1
jamaica,NA,jamaica,origin,23,PORT ROYAL,9
jamaica,NA,jamaica,origin,23,PORT ROYAL JAMAICA,6
jamaica,NA,jamaica,origin,23,"PORT ROYAL, JAMAICA",4
jamaica,NA,jamaica,origin,23,CRUISING OFF PORT ROYAL,1
jamaica,NA,jamaica,origin,23,JAMAICA PORT ROYAL,1
jamaica,NA,jamaica,origin,23,PORT ROYAL (JAMAICA),1
jamaica,NA,jamaica,origin,23,PORT ROYAL JAMICA,1
jamaica,NA,jamaica,destination,8,FORT ROYAL,8
jersey,NA,channel islands,origin,1,JERSEY,1
joanna,NA,NA,origin,1,JOANNA,1
juan fernández islands,NA,chile,destination,1,MAR PACÍFICO,1
kasseraijen,NA,NA,destination,1,KASSERAIJEN,1
kegerree,NA,NA,origin,1,KEGERREE,1
krakatoa,NA,indonesia,origin,1,CRACATOA,1
l'isle de ré,NA,NA,origin,1,L'ISLE DE RÉ,1
l'isle dieu,NA,NA,destination,1,L'ISLE DIEU,1
la baie de legrand,NA,NA,origin,1,LA BAIE DE LEGRAND,1
la rochelle,NA,france,destination,2,LA ROCHELLE,2
la rochelle,NA,france,origin,1,COULON,1
la rochelle,NA,france,origin,1,FRANKRIJK,1
la rochelle,NA,france,origin,1,"ST MARIE, ISLE DE RHEE",1
la rochelle,NA,france,origin,1,ST MARTIN DE RHÉ,1
la rochelle,NA,france,origin,1,RICHARD,1
langle,NA,russia,origin,1,LANGLE,1
le havre,NA,france,origin,2,LE HAVRE,2
le havre,NA,france,origin,1,LE HABRE,1
leeward islands,NA,lesser antilles,destination,1,LEEWARD ISLANDS,1
leith,scotland,UK,destination,1,LEITH,1
levante español,NA,spain,destination,1,LEVANTE ESPAÑOL,1
lima,NA,peru,origin,12,EL CALLAO,6
lima,NA,peru,origin,12,CALLAO,2
lima,NA,peru,origin,12,EL CALLAO (LIMA),2
lima,NA,peru,origin,12,"EL CALLAO (LIMA, PERÚ)",1
lima,NA,peru,origin,12,EL CALLAO DE LIMA,1
lima,NA,peru,origin,12,LIMA,1
lima,NA,peru,destination,6,CALLAO (LIMA-PERÚ),1
lima,NA,peru,destination,6,CALLAO (LIMA),1
lima,NA,peru,destination,6,CALLAO DE LIMA,1
lima,NA,peru,destination,6,EL CALLAO - LIMA,1
lima,NA,peru,destination,6,EL CALLAO (PERÚ),1
lima,NA,peru,origin,1,EL CALLAO,6
lima,NA,peru,origin,1,CALLAO,2
lima,NA,peru,origin,1,EL CALLAO (LIMA),2
lima,NA,peru,origin,1,"EL CALLAO (LIMA, PERÚ)",1
lima,NA,peru,origin,1,EL CALLAO DE LIMA,1
lima,NA,peru,origin,1,LIMA,1
lisbon,NA,portugal,origin,37,LISBON,27
lisbon,NA,portugal,origin,37,LISSABON,7
lisbon,NA,portugal,origin,37,RIVER TAGUS (LISBON),1
lisbon,NA,portugal,origin,37,TAGUS,1
lisbon,NA,portugal,origin,37,TAGUS LISBON,1
lisbon,NA,portugal,destination,2,CRUISING OFF TAGUS,1
lisbon,NA,portugal,destination,2,CRUISING TO LISBON,1
lisbon,NA,portugal,destination,1,"FORT ST JULIAN, LISBON",1
lisbon,NA,portugal,origin,1,LISBOA,1
lisbon,NA,portugal,origin,1,ROXENT,1
little bay,montserrat,lesser antilles,origin,3,MONSERRAT,2
little bay,montserrat,lesser antilles,origin,3,"PLYMOUTH, MONSERRAT",1
little popo,NA,benin,origin,1,KLEIN POPOO,1
lituya bay,alaska,united states,origin,1,PORT DES FRANCAIS,1
liverpool,NA,uk,destination,1,LIVERPOOL,1
livorno,NA,italy,origin,1,LIORNA,1
lizard,NA,uk,origin,21,LIZARD,12
lizard,NA,uk,origin,21,ST HELENS,3
lizard,NA,uk,origin,21,CRUISING THE WESTERN APPROACHES,1
lizard,NA,uk,origin,21,ST HELENS ROAD UK,1
lizard,NA,uk,origin,21,ST HELLENS,1
lizard,NA,uk,origin,21,ST HELLENS ROAD,1
lizard,NA,uk,origin,21,START,1
lizard,NA,uk,origin,21,START POINT UK,1
lizard,NA,uk,destination,11,CRUISING WESTERN APPROACHES,3
lizard,NA,uk,destination,11,START POINT,3
lizard,NA,uk,destination,11,CRUISE IN WESTERN APPROACHES,1
lizard,NA,uk,destination,11,FROWARD POINT (ENGLAND),1
lizard,NA,uk,destination,11,MARGARET ROAD (ENGLAND),1
lizard,NA,uk,destination,11,MARGRET ROAD (UK),1
lizard,NA,uk,destination,11,START POINT ENGLAND,1
loango,NA,congo,origin,1,LOANGO,1
london,NA,uk,destination,25,DEPTFORD,9
london,NA,uk,destination,25,WOOLWICH,7
london,NA,uk,destination,25,NORE,5
london,NA,uk,destination,25,LONDON,4
london,NA,uk,destination,1,BLACKWALL,1
london,NA,uk,destination,1,BLACKWALL UK,1
london,NA,uk,destination,1,BLACKWALL,1
london,NA,uk,destination,1,BLACKWALL UK,1
london,NA,uk,destination,1,GALLIONS REACH (UK),1
london,NA,uk,origin,1,THE NORE,1
long island,new york,united states,origin,1,LONG ISLAND,1
long reach,NA,uk,destination,3,LONG REACH,3
lops head,NA,ireland,destination,1,LOPS HEAD IRELAND,1
louisbourg,NA,canada,origin,11,LOUISBOURG,9
louisbourg,NA,canada,origin,11,LOUISBOROUGH (HALIFAX),1
louisbourg,NA,canada,origin,11,LOUISBOURG NOVA SCOTIA,1
louisbourg,NA,canada,destination,4,LOUISBOURG ET RETOUR A ROCHEFORT,2
louisbourg,NA,canada,destination,4,LOUISBOURG ET RETOUR A L'ISLE D'AIX,1
louisbourg,NA,canada,destination,4,LOUISBOURG ET RTOUR A ROCHEFORT,1
macau,NA,china,origin,4,MACAO,4
macau,NA,china,destination,2,MACCAO,1
macau,NA,china,destination,2,PUERTO DE MACAO,1
macau,NA,china,origin,1,LORIENT,1
machilipatnam,andhra pradesh,india,origin,1,MAPULIPATAM,1
machilipatnam,andhra pradesh,india,destination,1,MAZULIPATNAM,1
madagasgar,NA,NA,origin,1,MADAGASGAR,1
madiera,NA,portugal,origin,69,MADEIRA,53
madiera,NA,portugal,origin,69,FUNCHAL,7
madiera,NA,portugal,origin,69,FUNCHAL ROAD,3
madiera,NA,portugal,origin,69,FENSHALL ROAD MADEIRA,1
madiera,NA,portugal,origin,69,FUNCHAL ROAD (MADEIRA),1
madiera,NA,portugal,origin,69,FUNCHAL ROADS,1
madiera,NA,portugal,origin,69,FUNCHAL TOWARDS AZORES AND BACK,1
madiera,NA,portugal,origin,69,FUNCHALL ROAD,1
madiera,NA,portugal,origin,69,NEAR MADEIRA,1
madiera,NA,portugal,destination,4,MADERIA,4
madiera,NA,portugal,origin,1,MADERE,1
madiera,NA,portugal,origin,1,MADERIA ROAD,1
madiera,NA,portugal,destination,1,FENSHALL ROAD (ANTIGUA),1
madras,NA,india,destination,62,MADRAS,61
madras,NA,india,destination,62,MADRAS VIA JOHANNA,1
madras,NA,india,origin,2,FORT ST DAVID ROAD (MADRAS),1
madras,NA,india,origin,2,MADAS,1
madras,NA,india,origin,2,PONDICHERRY,2
madras,NA,india,origin,1,COROMANDEL,1
madras,NA,india,destination,1,FORT ST GEORGE,1
madras,NA,india,origin,1,FORT ST GEORGES,1
madras,NA,india,origin,1,MADRAS - BALASORE,1
makinda creek,south carolina,united states,destination,1,MAKINDA CREEK,1
malacca,NA,malaysia,origin,1,MALLACA TOWN,1
málaga,NA,spain,origin,1,MALAGA,1
málaga,NA,spain,origin,1,MÁLAGA,1
malimba,NA,gabon,origin,1,MALIMBA,1
mangalore,karnataka,india,origin,1,MANGALORE,1
manila,NA,philippines,origin,4,MANILA,4
manila,NA,philippines,origin,2,MANILLA,2
manila,NA,philippines,origin,1,CAVITÉ,1
manila,NA,philippines,origin,1,ESTRECHO DE SAN BERNARDINO,1
manila,NA,philippines,destination,1,NORTE DE NUEVA ESPAÑA,1
manila,NA,philippines,destination,1,MIRABELLE,1
marie galante,NA,guadeloupe,origin,1,MARIE GALANTE,1
marquesas,marquesas Islands,french polynesia,origin,1,MARQUESAS,1
marseille,NA,france,origin,1,MARSEILLE,1
martinique,NA,lesser antilles,destination,27,MARTINIQUE,27
martinique,NA,lesser antilles,origin,1,CAPE CARAVELLA,1
martinique,NA,lesser antilles,origin,1,"FORT ROYAL, MARTINIQUE",1
martinique,NA,lesser antilles,destination,1,LA MARTINIQUE,1
martinique,NA,lesser antilles,destination,1,MARTINICO,1
martinique,NA,lesser antilles,origin,1,ST PIERRE BAY MARTINICO,1
martinique,NA,lesser antilles,origin,1,ST PIERRE MARTINQUE,1
martinique,NA,lesser antilles,destination,1,"TOBAGO, LA MARTINIQUE, ST. DOMINGUE",1
maui,hawaii,united states,origin,1,ILE MOWÉE,1
mauritius,NA,mauritius,destination,7,MAURITIUS,7
mauritius,NA,mauritius,origin,4,PORT LOUIS,4
mauritius,NA,mauritius,origin,4,"FLAT ISLAND, MAURITIUS",1
mauritius,NA,mauritius,origin,4,"PORT LOUIS, MAURITIUS",1
mauritius,NA,mauritius,origin,2,PORT LOUIS,4
mauritius,NA,mauritius,origin,2,"FLAT ISLAND, MAURITIUS",1
mauritius,NA,mauritius,origin,2,"PORT LOUIS, MAURITIUS",1
mediterranean,NA,mediterranean,destination,1,MEDITERANEE,1
mediterranean,NA,mediterranean,destination,1,MEDITERRANEAN,1
middelburg,NA,netherlands,origin,47,MIDDELBURG,22
middelburg,NA,netherlands,origin,47,RAMMEKENS,14
middelburg,NA,netherlands,origin,47,VLISSINGEN,11
middelburg,NA,netherlands,origin,5,RAMEKENS,4
middelburg,NA,netherlands,origin,5,RAMMEKES,1
milford haven,NA,uk,destination,1,MILFORD HAVEN,1
mocha,NA,yemen,destination,6,MOCHA,6
mocha,NA,yemen,origin,1,MOCHA (ARABIAN PENINSULA),1
mocha,NA,yemen,destination,1,MOCHA (MOKHA),1
mogador,NA,morocco,destination,1,MOGADOR,1
mohéli island,NA,comoros,origin,1,MOHILLA ISLAND,1
mona island,NA,puerto rico,origin,1,MONA ISLAND,1
montague island,alaska,united states,origin,1,MONTAGUE ISLE,1
monterey,NA,mexico,origin,1,MONTEREY,1
monterey,NA,mexico,origin,1,MONTERREY,1
montevideo,NA,uruguay,origin,58,MONTEVIDEO,52
montevideo,NA,uruguay,origin,58,RIVER PLATE,5
montevideo,NA,uruguay,origin,58,ENSENADA DE MONTEVIDEO,1
montevideo,NA,uruguay,destination,8,RIO DE LA PLATA,3
montevideo,NA,uruguay,destination,8,LOBOS ISLAND (RIVER PLATE),1
montevideo,NA,uruguay,destination,8,"MALDONADO, RIVER PLATE",1
montevideo,NA,uruguay,destination,8,"MONTEVIDEO (PRIMERO VAN A STA. CATALINA, BRASIL)",1
montevideo,NA,uruguay,destination,8,MONTEVIDEO Y RÍO DE LA PLATA,1
montevideo,NA,uruguay,destination,8,STA CATALINA Y MONTEVIDEO,1
montevideo,NA,uruguay,destination,1,MALDONADO,1
montevideo,NA,uruguay,origin,1,PUERTO DE MONTEVIDEO,1
montevideo,NA,uruguay,destination,1,SANBORONBOM - MONTEVIDEO,1
montevideo,NA,uruguay,origin,1,MONTEVIDEO Y VUELTA,1
montevideo,NA,uruguay,destination,1,PUERTO RESERVADO,1
montserrat,NA,caribbean,origin,1,MONTSERAT,1
montserrat,NA,caribbean,destination,1,MONTSERRAT,1
moose,ontario,canada,origin,2,MOOSE,2
motherwell,scotland,uk,origin,1,MOTHERWELL,1
muscat,NA,oman,origin,2,MUSCAT,2
muscat,NA,oman,origin,1,MOUBAT,1
nagapattinam,tamil naidu,india,destination,1,NAGAPATAM,1
nagapattinam,tamil naidu,india,destination,1,NAGAPATAN,1
nagapattinam,tamil naidu,india,origin,1,NAGAPATNAM,1
nagapattinam,tamil naidu,india,destination,1,NAGAPATRAM,1
nagapattinam,tamil naidu,india,origin,1,NAGEPATNAM,1
nantes,NA,france,origin,1,NANTES,1
naples,NA,italy,origin,1,NÁPOLES,1
narvick,NA,norway,origin,1,NARVICK,1
nazareth,NA,gabon,origin,1,NAZARETH,1
nederlands indië,NA,NA,destination,1,NEDERLANDS INDIË,1
negrais burma,NA,NA,origin,1,NEGRAIS BURMA,1
new caledonia,NA,french polynesia,origin,1,NEW CALEDONIA,1
new caledonia,NA,french polynesia,destination,1,NOUVELLE CALEDONIE,1
new caledonia,NA,french polynesia,origin,1,NOUVELLE CALLEDONIË,1
new guinea,NA,indonesia,destination,1,NEW GUINEA,1
new london,connecticutt,united states,origin,1,NEW LONDON,1
new london,connecticutt,united states,origin,1,"NEW LONDON, CONNECTICUT",1
new providence,connecticutt,united states,origin,1,NEW PROVIDENCE,1
new york,new york,united states,destination,33,NEW YORK,33
new york,new york,united states,destination,1,NEW YORK (STATTEN ISLAND),1
newfoundland,newfoundland,canada,destination,11,NEWFOUNDLAND,11
newfoundland,newfoundland,canda,origin,6,TORBAY NF,14
newfoundland,newfoundland,canada,origin,2,OFF NEWFOUNDLAND,2
newfoundland,newfoundland,canada,destination,2,CRUISING OFF GRAND BANKS,2
newfoundland,newfoundland,canada,origin,1,LE BAYE DU CROC,1
newfoundland,newfoundland,canada,destination,1,CRUISING OFF NF,1
newfoundland,newfoundland,canada,destination,1,"ILES ST. PIERRE, TERRE NEUVE, ILE ROYALE ET RETOUR",1
newfoundland,newfoundland,canada,destination,1,ALMERIE AUX L'ILLE DE TERRE NEUVE ET RETOUR A BRES,1
newfoundland,newfoundland,canada,origin,1,TERRE NEUVE,1
newfoundland,newfoundland,canada,origin,1,OFF GRAND BANKS,1
newport,rhode island,united states,origin,2,NEWPORT RHODE ISLAND,2
nootka sound,british columbia,canada,origin,1,NOKA,1
nootka sound,british columbia,canada,origin,1,KING GEORGE'S SOUND,1
nootka sound,british columbia,canada,destination,1,SAN LORENZO DE NUCA,1
nootka sound,british columbia,canada,destination,1,SAN LORENZO DE NUCA Y VUELTA,1
north sea,NA,north sea,destination,1,NOORDZEE,1
north sea,NA,north sea,destination,1,NORTH CAPE,1
north sea,NA,north sea,origin,1,NORTHERLY FISHING GROUNDS,1
northfleet,NA,north sea,destination,1,NORTHFLEET,1
norway,NA,norway,destination,1,NOORWEGEN,1
nouvelle irlande,NA,papua new guinea,origin,1,NOUVELLE IRLANDE,1
nova scotia,nova scotia,canada,destination,2,NOVA SCOTIA,2
nzwani,NA,comoros,destination,6,JOHANNA,6
ocracoke,north carolina,united states,origin,1,OCRACOKE,1
oedjong panka,NA,NA,destination,1,OEDJONG PANKA,1
oejong sanka,NA,NA,origin,1,OEJONG SANKA,1
off delaware,delaware,united states,origin,1,OFF DELAWARE,1
offshore guyana,NA,guyana,destination,1,OFFSHORE GUYANA,1
orkney,NA,uk,destination,1,ORKNEY,1
paita,NA,peru,origin,1,PUERTO DE PAITA,1
paita,NA,peru,origin,1,PUERTO PAITA,1
palembang,NA,indonesia,origin,1,MONOPIN HILL,1
palembang,NA,indonesia,origin,1,PALEMBANG RIVER,1
palliacatte,NA,NA,origin,1,PALLIACATTE,1
papeete,tahiti,french polynesia,destination,3,TAHITI,3
paramaribo,NA,suriname,destination,50,SURINAME,36
paramaribo,NA,suriname,destination,50,PARAMARIBO,11
paramaribo,NA,suriname,destination,50,KUST VAN GUINEA EN SURINAME,1
paramaribo,NA,suriname,destination,50,SURINAM,1
paramaribo,NA,suriname,destination,50,SURINAME VIA WEST AFRIKA,1
paramaribo,NA,suriname,destination,2,DEMERARY,2
paramaribo,NA,suriname,origin,2,BRAMSPUNT,2
paramaribo,NA,suriname,destination,2,PARIMARIBO,2
paramaribo,NA,suriname,destination,1,DEMERARA,1
paramaribo,NA,suriname,destination,1,GUIANA,1
paramaribo,NA,suriname,origin,1,BRAAMSPUNT,1
penang,NA,malaysia,origin,7,PENANG,4
penang,NA,malaysia,origin,7,MALAYSIA,1
penang,NA,malaysia,origin,7,PINANG,1
penang,NA,malaysia,origin,7,PRINCE OF WALES ISLAND (PENANG),1
penang,NA,malaysia,destination,5,PENANG VIA ST HELENA,2
penang,NA,malaysia,destination,5,PENANG (VIA FUNCHAL),1
penang,NA,malaysia,destination,5,PENANG VIA FUNCHAL AND TABLE BAY,1
penang,NA,malaysia,destination,5,PENANG VIA SIMONS BAY,1
penang,NA,malaysia,destination,3,PRINCE OF WALES ISLAND,3
penang,NA,malaysia,destination,1,PULO PINANG,1
pensicola florida,florida,united states,origin,1,PENSICOLA FLORIDA,1
peter's island,virgin islands,united states,origin,1,PETER'S ISLAND (WEST INDIES),1
philadelphia,pennsylvania,united states,origin,2,PHILADELPHIA,2
placentia,newfoundland,canada,destination,1,PLACENTIA,1
placentia,newfoundland,canada,destination,1,PLACENTIA BAY NEWFOUNDLAND,1
placentia,newfoundland,canada,origin,1,PLACENTIA HARBOUR,1
placentia,newfoundland,canada,origin,1,PLACENTIA ROAD,1
plymouth,NA,uk,origin,91,PLYMOUTH,90
plymouth,NA,uk,origin,91,PLYMOUTH (ENGLAND),1
plymouth,NA,uk,destination,7,PLYMOUTH (CRUISING),2
plymouth,NA,uk,destination,7,PLYMOUTH - CRUISING WESTERN APPROACHES,1
plymouth,NA,uk,destination,7,PLYMOUTH (CRUISING WESTERN APPROACHES),1
plymouth,NA,uk,destination,7,PLYMOUTH (MONSERRAT),1
plymouth,NA,uk,destination,7,PLYMOUTH UK,1
plymouth,NA,uk,destination,7,PLYMOUTH VIA ST HELENA,1
plymouth,NA,uk,origin,2,PLYMOUTH SOUND,2
plymouth,NA,uk,origin,1,HAMMOZE,1
plymouth,NA,uk,destination,1,HAMMOZE (CRUISING),1
plymouth,NA,uk,destination,1,HAMMOZE UK,1
plymouth,NA,uk,origin,1,HAMOAZE,1
plymouth,NA,uk,destination,1,HAMOZE UK,1
plymouth,NA,NA,origin,1,"BARNPOOL, PLYMOUTH",1
plymouth,NA,uk,origin,1,RAMHEAD,1
plymouth,NA,uk,origin,1,THE RAMHEAD,1
point palmyras,odisha,india,origin,1,POINT PALMIRA,1
point palmyras,odisha,india,origin,1,POINT PALMIRAS,1
point posession,NA,british overseas territory of south georgia and the south sandwich islands,origin,1,POINT POSESSION,1
ponta delgada,azores,portugal,origin,1,DELGADA BAY,1
port au prince,NA,haiti,origin,1,PORT AU PRINCE,1
port banks,alaska,united states,origin,1,PORT BANKS,1
port egmont,falkland islands,falkland islands,origin,6,PORT EGMONT,4
port egmont,falkland islands,falkland islands,origin,6,CARLISLE BAY FALKLAND ISLANDS,1
port egmont,falkland islands,falkland islands,origin,6,FALKLAND ISLANDS,1
port egmont,falkland islands,falkland islands,destination,2,"PORT EGMONT, FALKLAND ISLANDS",2
port egmont,falkland islands,falkland islands,destination,1,ISLAS MALVINAS,1
port egmont,falkland islands,falkland islands,origin,1,DE LA SOLEDAD (MALVINAS),1
port egmont,falkland islands,falkland islands,origin,1,MALVINAS,1
port jackson,NA,australia,origin,2,PORT JACKSON,2
port jackson,NA,australia,destination,1,NOUVELLE HOLLANDE,1
port jackson,NA,australia,origin,1,PORT JACKSON AUSTRALIA,1
port mulgrave,NA,alaska,origin,1,PORT MULGRAVE,1
port-gentil,NA,gabon,origin,1,CAPE LOPEZ,1
port-gentil,NA,gabon,destination,1,GABON,1
portendick,NA,mauritania,origin,1,PORTENDIC,1
portendick,NA,mauritania,destination,1,PORTENDIE,1
portsmouth,NA,uk,origin,35,PORTSMOUTH,33
portsmouth,NA,uk,origin,35,PORTSMOUTH HARBOUR,1
portsmouth,NA,uk,origin,35,"PORTSMOUTH, VIA ST HELENA",1
portsmouth,NA,uk,destination,2,SOUTHSEA,2
portsmouth,NA,uk,destination,1,PORTSMOUTH (AFTER CRUISING TOWARDS FINISTERRE),1
prince rupert bay,NA,dominica,origin,1,PRINCE RUPERT BAY,1
prince rupert bay,NA,dominica,origin,1,"PRINCE RUPERT BAY, DOMINICA",1
prince rupert bay,NA,dominica,origin,1,PRINCE RUPERTS BAY,1
prince rupert bay,NA,dominica,origin,1,PRINCE RUPERTS BAY DOMINICA,1
prince william sound,alaska,united states,destination,1,PRINCE WILLIAM'S SOUND,1
puerto de santa maría,NA,NA,destination,1,PUERTO DE SANTA MARÍA,1
puerto deseado,NA,argentina,destination,3,PORT DESIRE,3
puerto san julián,NA,argentina,origin,1,FLORIDA BLANCA,1
pulo perra,NA,NA,origin,1,PULO PERRA,1
pulo timoan,NA,NA,origin,1,PULO TIMOAN,1
québec city,québec,canada,origin,7,QUEBEC,3
québec city,québec,canada,origin,7,QUÉBEC,3
quiloa,NA,tanzania,origin,1,QUILOA EAST AFRICA,1
quiloa,NA,tanzania,destination,1,"QUILOA, EAST AFRICA",1
quilon,NA,NA,origin,1,QUILON,1
rambang,NA,NA,origin,1,RAMBANG,1
realejo,NA,nicaragua,destination,1,REALEJO,1
reunion,réunion,france,origin,1,ISLAND OF BOURBON,1
rhode island,rhode island,united states,origin,2,RHODE ISLAND,2
rio berbice,NA,guyana,origin,1,RIO BERBICE,1
río de janeiro,NA,brazil,origin,12,RIO DE JANEIRO,12
río de janeiro,NA,brazil,origin,2,RIO,2
río de janeiro,NA,brazil,origin,1,RÍO DE JANEIRO,1
río de janeiro,NA,brazil,destination,1,RÍO DE JANEIRO (BRASIL),1
rio gabon,NA,gabon,origin,1,RIO GABON,1
river serralione,NA,sierra leone,origin,1,RIVER SERRALIONE,1
river shannon,NA,ireland,destination,1,RIVER SHANNON,1
rochefort,NA,france,origin,20,ROCHEFORT,20
rodrigues,NA,mauritius,destination,5,RODRIGUEZ,3
rodrigues,NA,mauritius,destination,5,CRUISING TOWARDS RODRIQUEZ,1
rodrigues,NA,mauritius,destination,5,"MATHURIN BAY, RODIGUEZ",1
rodrigues,NA,mauritius,origin,5,DIEGO RAY,1
rodrigues,NA,mauritius,origin,5,DIEGO RAYS,1
rodrigues,NA,mauritius,origin,5,DIEGO RAYS (RODRIQUES),1
rodrigues,NA,mauritius,origin,5,RODRIQUES (DIEGO RAY),1
rodrigues,NA,mauritius,origin,5,RODRIQUEZ,1
roseau,NA,commonwealth of dominica,destination,4,DOMINICA,4
rotterdam,NA,netherlands,origin,12,ROTTERDAM,12
rotterdam,NA,netherlands,destination,4,SCHIEDAM,4
rotterdam,NA,netherlands,origin,2,DORDRECHT,2
sable island,newfoundland,canada,destination,1,SABLE ISLAND (NEWFOUNDLAND),1
saderass,NA,NA,origin,1,SADERASS,1
saint augustin,NA,madagascar,origin,2,ST AUGUSTINES,2
saint augustin,NA,madagascar,origin,1,ST AUGUSTINS BAY,1
saint-pierre,saint-pierre and miquelon,france,origin,3,ST PIERRE,3
saint-pierre,saint-pierre and miquelon,france,destination,1,ILE MIQUELON ET RETOUR A ROCHEFORT,1
saint-pierre,saint-pierre and miquelon,france,origin,1,SAINT PIERRE,1
saint-pierre,saint-pierre and miquelon,france,origin,1,SAINT PIERRE-TERRE NEUVE,1
sajor road,NA,NA,origin,1,SAJOR ROAD,1
salvador,NA,brazil,destination,1,"SALVADOR, BRAZIL",1
samarang,NA,NA,origin,1,SAMARANG,1
san blas,nayarit,mexico,origin,4,SAN BLAS,4
san blas,nayarit,mexico,destination,1,SAN BLAS (NUEVA ESPAÑA),1
san domingo,NA,NA,origin,1,SAN DOMINGO,1
san juan,NA,puerto rico,origin,3,PUERTO RICO,3
san salvador,NA,brazil,destination,1,SAN SALVADOR,1
sandy hook,new york,united states,origin,7,SANDY HOOK,7
sandy hook,new york,united states,destination,1,CRUISING OFF SANDY HOOK,1
sandy hook,new york,united states,origin,1,SANDY HOOK (NEW YORK),1
sandy hook,new york,united states,origin,1,SANDY POINT (NEW YORK),1
santa catarina,NA,brazil,origin,13,SANTA CATALINA,9
santa catarina,NA,brazil,origin,13,SANTA CATALINA(BRASIL),1
santa catarina,NA,brazil,origin,13,STA CATALINA (BRASIL),1
santa catarina,NA,brazil,origin,13,STA. CATHALINA,1
santa catarina,NA,brazil,origin,13,STA. CATHALINA (BRASIL),1
santa catarina,NA,brazil,destination,11,ISLA SANTA CATALINA (BRASIL),2
santa catarina,NA,brazil,destination,11,SANTA CATALINA (BRASIL),2
santa catarina,NA,brazil,destination,11,I. SANTA CATALINA,1
santa catarina,NA,brazil,destination,11,"ISLA DE SAN ANDRÉS Y STA. CATALINA, ALIAS PROVIDEN",1
santa catarina,NA,brazil,destination,11,ISLA DE SANTA CATALINA,1
santa catarina,NA,brazil,destination,11,ISLA DE SANTA CATALINA (SANTA CATARINA-BRASIL?),1
santa catarina,NA,brazil,destination,11,ISLA SANTA CATALINA (BRASIL) Y VUELTA,1
santa catarina,NA,brazil,destination,11,ISLA SANTA CATALINA (BRASIL)Y VUELTA,1
santa catarina,NA,brazil,destination,11,SANTA CATALINA Y DE ALLÍ A ESPAÑA,1
santa catarina,NA,brazil,origin,2,SANTA CATHALINA,2
santa catarina,santa catarina,brazil,destination,1,ST CATHARINE'S (SOUTH AMERICA),1
santa catarina,santa catarina,brazil,origin,1,ST CATHARINES,1
santa catarina,santa catarina,brazil,origin,1,ST CATHERINE,1
santa catarina,santa catarina,brazil,origin,1,ST CATHERINE'S PORT,1
santa catarina,santa catarina,brazil,origin,1,ST CATHARINE,1
santa cruz de tenerife,canary islands,spain,origin,18,TENERIFFE,10
santa cruz de tenerife,canary islands,spain,origin,18,SANTA CRUZ,3
santa cruz de tenerife,canary islands,spain,origin,18,TENERIFE,2
santa cruz de tenerife,canary islands,spain,origin,18,ST CRUZ,1
santa cruz de tenerife,canary islands,spain,origin,18,TENERIFF,1
santa cruz de tenerife,canary islands,spain,origin,18,TENNERIFE,1
santa cruz de tenerife,canary islands,spain,origin,1,CANARIA,1
santa cruz de tenerife,canary islands,spain,destination,1,"SANTA CRUZ, TENERIFE",1
santander,NA,spain,destination,1,SANTANDER,1
santiago,santiago,cape verde,origin,22,ST JAGO,10
santiago,santiago,cape verde,origin,22,PORTO PRAYA,6
santiago,santiago,cape verde,origin,22,CAPE VERDE,1
santiago,santiago,cape verde,origin,22,MAYO CAPE VERDE ISLANDS,1
santiago,santiago,cape verde,origin,22,PORT PRAYA,1
santiago,santiago,cape verde,origin,22,PORTA PRAYA,1
santiago,santiago,cape verde,origin,22,PORTE PRAIJO,1
santiago,santiago,cape verde,origin,22,ST JAGO (SAO TIAGO),1
santiago,santiago,cape verde,origin,1,PORTO PRAIJO,1
são tomé and príncipe,NA,são tomé and príncipe,destination,13,ISLA DEL PRINCIPE (GUINEA),1
são tomé and príncipe,NA,são tomé and príncipe,origin,13,ST THOMAS,9
são tomé and príncipe,NA,são tomé and príncipe,origin,13,ST THOMAS (SAO TOME),3
são tomé and príncipe,NA,são tomé and príncipe,origin,13,ST. THOMEE,1
são tomé and príncipe,NA,são tomé and príncipe,origin,3,ST THOMAS,9
são tomé and príncipe,NA,são tomé and príncipe,origin,3,ST THOMAS (SAO TOME),3
são tomé and príncipe,NA,são tomé and príncipe,origin,3,ST. THOMEE,1
são tomé and príncipe,NA,são tomé and príncipe,origin,3,PRINCES ISLAND,3
são tomé and príncipe,NA,são tomé and príncipe,origin,1,ISLA DEL PRINCIPE,1
são tomé and príncipe,NA,são tomé and príncipe,origin,1,SAO TOME,1
são tomé and príncipe,NA,são tomé and príncipe,destination,1,ST.THOMEE,1
são tomé and príncipe,NA,são tomé and príncipe,origin,1,PRINCES,1
são tomé and príncipe,NA,são tomé and príncipe,origin,1,PRINCESS ISLAND (NR ST THOMAS),1
são tomé and príncipe,NA,são tomé and príncipe,origin,1,PRINSIES,1
são tomé and príncipe,NA,são tomé and príncipe,origin,1,PRINSSE EILAND,1
são tomé and príncipe,NA,são tomé and príncipe,origin,1,SAN THOMÉ,1
savannah,georgia,united states,destination,1,SAVANAH GEORGIA,1
savannah,georgia,united states,origin,1,SAVANNAH,1
schaapen island,NA,south africa,destination,1,SCHAPENEILAND,1
scilly isles,NA,uk,destination,1,SCILLY ISLES,1
scilly isles,NA,uk,origin,1,ST MARY'S,1
scilly isles,NA,uk,destination,1,ST MARY'S SOUND,1
seconda,NA,NA,origin,1,SECONDA,1
senour,NA,NA,destination,1,SENOUR,1
sheerness,NA,uk,destination,1,COCKHAM WOOD UK,1
sheerness,NA,uk,origin,1,SHEERNESS,1
sheerness,NA,uk,destination,1,SHERNESS,1
shelburne harbour,NA,NA,destination,1,SHELBURNE HARBOUR,1
singapore,NA,singapore,origin,4,MALACCA,4
singapore,NA,singapore,destination,3,MALAKKA,3
singapore,NA,singapore,destination,1,MALACCA STRAITS,1
singapore,NA,singapore,origin,1,MALACCA TOWN,1
singapore,NA,NA,origin,1,SINGAPORE STRAIGHT,1
sisirán,NA,philippines,origin,1,SISIRÁN,1
sitka sound,alaska,united states,origin,1,NORFOLK SOUND,1
smeerenberg,NA,NA,origin,1,SMEERENBERG,1
socotra?,NA,NA,destination,1,SOCOTRA?,1
soincij baai,NA,NA,origin,1,SOINCIJ BAAI,1
souratte,NA,NA,origin,1,SOURATTE,1
southport,north carolina,united states,origin,1,SOUTHPORT,1
spithead,NA,uk,origin,164,SPITHEAD,146
spithead,NA,uk,origin,164,MOTHERBANK,6
spithead,NA,uk,origin,164,ENGLAND,4
spithead,NA,uk,origin,164,PORTLAND,4
spithead,NA,uk,origin,164,YARMOUTH,4
spithead,NA,uk,destination,56,UK,54
spithead,NA,uk,destination,56,PORTLAND ENGLAND,1
spithead,NA,uk,destination,56,SPIHEAD (CRUISING),1
spithead,NA,uk,destination,56,SPITHEAD - CRUISING BAY BISCAY,1
spithead,NA,uk,destination,56,SPITHEAD (VIA FYAL),1
spithead,NA,NA,destination,2,UK,54
spithead,NA,NA,destination,2,PORTLAND ENGLAND,1
spithead,NA,NA,destination,2,SPIHEAD (CRUISING),1
spithead,NA,NA,destination,2,SPITHEAD - CRUISING BAY BISCAY,1
spithead,NA,NA,destination,2,SPITHEAD (VIA FYAL),1
spithead,NA,uk,origin,1,COWES,1
spithead,NA,uk,origin,1,COWES RD,1
spithead,NA,uk,origin,1,COWES ROAD,1
spithead,NA,uk,origin,1,BEMBRIDGE,1
spithead,NA,NA,origin,1,DUNNOSE,1
spithead,NA,NA,origin,1,DUNNOZE,1
spitsbergen,NA,norway,origin,6,SPITSBERGEN,6
spitsbergen,NA,norway,origin,1,MOORED IN N NORWAY,1
spitsbergen,NA,norway,destination,1,VOGLE SOUND,1
st andries,NA,NA,destination,1,ST ANDRIES,1
st augustine,florida,united states,origin,1,ST AUGUSTINE (FLORIDA),1
st augustine,florida,united states,destination,1,ST AUGUSTINE FLORIDA,1
st augustine,florida,united states,origin,1,ST AUGUSTINES (FLORIDA),1
st christopher,NA,NA,origin,1,ST CHRISTOFFEL,1
st christopher,NA,NA,destination,1,ST CHRISTOPHER,1
st christopher,NA,NA,destination,1,ST CHRISTOPHERS,1
st eustatius,sint eustatius,lesser antilles,destination,20,ST EUSTATIUS,14
st eustatius,sint eustatius,lesser antilles,destination,20,ST EUSTACIUS,6
st eustatius,sint eustatius,lesser antilles,origin,1,ST. EUSTATIUS,1
st eustatius,sint eustatius,lesser antilles,destination,1,ST EUSTASIUS,1
st helena,st helena,uk,destination,69,ST HELENA,69
st helena,st helena,uk,origin,2,ST. HELENA,2
st helena,st helena,uk,origin,1,ST HELLENA,1
st jacobsbaai,NA,south africa,origin,1,ST JACOBSBAAI,1
st johns,newfoundland,canada,origin,48,ST JOHNS,14
st johns,newfoundland,canada,origin,48,ST JOHNS NEWFOUNDLAND,5
st johns,newfoundland,canada,origin,48,"ST JOHNS, NEWFOUNDLAND",4
st johns,newfoundland,canada,origin,48,ST JOHN'S NEWFOUNDLAND,3
st johns,newfoundland,canada,origin,48,ST JOHN,1
st johns,newfoundland,canada,origin,48,ST JOHN'S HARBOUR NEWFOUNDLAND,1
st johns,newfoundland,canada,origin,48,ST JOHNS (NEWFOUNDLAND),1
st johns,newfoundland,canada,origin,48,ST JOHNS (NF),1
st johns,newfoundland,canada,origin,48,ST JOHNS HARBOUR,1
st johns,newfoundland,canada,origin,48,ST JOHNS NEWFOUNDLAND (CRUISE OF GRAND BANKS),1
st johns,newfoundland,canada,origin,48,ST JOHNS NF,1
st johns,newfoundland,canada,origin,48,"ST JOHNS, NF",1
st johns,newfoundland,canada,destination,28,ST JOHNS (CRUISING),1
st johns,newfoundland,canada,destination,28,ST JOHN NEWFOUNDLAND,1
st johns,newfoundland,canada,destination,28,ST JOHNS HARBOUR (NEWFOUNDLAND),1
st johns,newfoundland,canada,origin,6,ST JOHNS,14
st johns,newfoundland,canada,origin,6,ST JOHN,1
st johns,newfoundland,canada,origin,6,ST JOHNS HARBOUR,1
st johns,newfoundland,canada,origin,6,ST JOHNS NF,1
st johns,newfoundland,canada,origin,6,ST JOHNS NEWFOUNDLAND,5
st johns,newfoundland,canada,origin,6,"ST JOHNS, NEWFOUNDLAND",4
st johns,newfoundland,canada,origin,6,ST JOHN'S NEWFOUNDLAND,3
st johns,newfoundland,canada,origin,6,ST JOHN'S HARBOUR NEWFOUNDLAND,1
st johns,newfoundland,canada,origin,6,ST JOHNS (NEWFOUNDLAND),1
st johns,newfoundland,canada,origin,6,ST JOHNS (NF),1
st johns,newfoundland,canada,origin,6,ST JOHNS NEWFOUNDLAND (CRUISE OF GRAND BANKS),1
st johns,newfoundland,canada,origin,6,"ST JOHNS, NF",1
st johns,newfoundland,canada,destination,3,ST JOHN NEWFOUNDLAND,1
st johns,newfoundland,canada,destination,3,ST JOHNS (CRUISING),1
st johns,newfoundland,canada,destination,3,ST JOHNS HARBOUR (NEWFOUNDLAND),1
st johns,newfoundland,canada,destination,1,JOHN HARBOUR (NEWFOUNDLAND),1
st johns,newfoundland,canada,destination,1,"ST. JOHNS, NEWFOUNDLAND",1
st kitts and nevis,NA,st kitts and nevis,origin,20,BASSE TERRE,10
st kitts and nevis,NA,st kitts and nevis,origin,20,ST KITTS,6
st kitts and nevis,NA,st kitts and nevis,origin,20,NEVIS,2
st kitts and nevis,NA,st kitts and nevis,origin,20,BASSE TERRE ROADS,1
st kitts and nevis,NA,st kitts and nevis,origin,20,ST CHRISTOPHERS (BASSE TERRE),1
st lawrence,newfoundland,canada,destination,2,ST LAWRENCE,2
st lawrence,newfoundland,canada,destination,1,GREAT ST LAWRENCE HARBOUR,1
st lawrence,newfoundland,canada,destination,1,ST LAWRENCE NEW FOUNDLAND,1
st lawrence river,NA,canada,origin,1,RIVER OF ST LAWRENCE,1
st lucia,NA,lesser antilles,destination,2,ST LUCIA,2
st martin,NA,caribbean,origin,2,FORT AMSTERDAM,2
st martin,NA,caribbean,origin,2,ST MARTINS,2
st martin,NA,caribbean,origin,1,ST MAARTEN,1
st martin,NA,caribbean,origin,1,ST MARTIJN,1
st nazaire,NA,NA,origin,1,ST. NAZAIRE,1
st patrick's hole,newfoundland,canada,destination,1,"ST PATRICK'S HOLE, NEWFOUNDLAND",1
st pauls island,NA,malta,destination,1,ST PAOLO,1
st pauls island,NA,malta,destination,1,ST PAULS ISLAND,1
st thomas virgin islands,virgin islands,united states,origin,13,"ST THOMAS, VIRGIN ISLANDS",1
st thomas virgin islands,virgin islands,united states,origin,13,TORTOLA,1
st thomas virgin islands,virgin islands,united states,origin,13,"TORTOLA ROADS, ST THOMAS",1
st thomas virgin islands,virgin islands,united states,origin,3,TORTOLA,1
st thomas virgin islands,virgin islands,united states,origin,3,"TORTOLA ROADS, ST THOMAS",1
st thomas virgin islands,virgin islands,united states,origin,3,"ST THOMAS, VIRGIN ISLANDS",1
st thomas virgin islands,virgin islands,united states,origin,1,ROAD TORN TORTOLA,1
st thomas virgin islands,virgin islands,united states,origin,1,"ROAD TOWN, TORTOLA",1
straat banka,NA,NA,origin,1,STRAAT BANKA,1
straat sunda,NA,NA,origin,1,STRAAT SUNDA,1
strait of magellan,NA,chile,origin,2,ESTRECHO DE MAGALLANES,2
strait of magellan,NA,chile,origin,1,COSTA PATAGÓNICA,1
strait of magellan,NA,chile,origin,1,ESTRECHO DE MAGELLANES,1
strait of magellan,NA,chile,destination,1,TOWARDS CAPE HORN,1
suftren,NA,NA,origin,1,SUFTREN,1
surabaya,NA,indonesia,origin,1,SOERABAIJA,1
surabaya,NA,indonesia,origin,1,SOERABAYA,1
surabaya,NA,indonesia,destination,1,SURABAYA,1
surat,gujarat,india,origin,3,SURAT,3
swansea,NA,uk,destination,1,FYALL,1
swansea,NA,uk,origin,1,FYALL BAY,1
talcahuano,NA,chile,origin,1,TALCAGUANA,1
talcahuano,NA,chile,origin,1,TALCAHUANO,1
tellicherry,kerala,india,origin,8,TILLICHERRY,4
tellicherry,kerala,india,origin,8,COCHIN,3
tellicherry,kerala,india,origin,8,TELLICHERRY,1
tellicherry,kerala,india,origin,8,TELLYCHERRY,1
tellicherry,kerala,india,origin,8,TILLECHERRY ROAD,1
tellicherry,kerala,india,origin,8,TILLICHERRY FLAG,1
tellicherry,kerala,india,origin,3,TILLICHERRY,4
tellicherry,kerala,india,origin,3,COCHIN,3
tellicherry,kerala,india,origin,3,TELLICHERRY,1
tellicherry,kerala,india,origin,3,TELLYCHERRY,1
tellicherry,kerala,india,origin,3,TILLECHERRY ROAD,1
tellicherry,kerala,india,origin,3,TILLICHERRY FLAG,1
tellicherry,kerala,india,destination,1,CANNANORE,1
terceira,NA,azores,destination,1,"FERCERA, NEAR ST MICHAELS",1
ternal,NA,NA,origin,1,TERNAL,1
terveur,NA,NA,destination,1,TERVEUR,1
texel,NA,netherlands,origin,44,TEXEL,44
the island of barra (shetlands),NA,uk,origin,1,THE ISLAND OF BARRA (SHETLANDS),1
the mannan,NA,NA,origin,1,THE MANNAN,1
tiburon baai,NA,NA,origin,1,TIBURON BAAI,1
tierra del fuego,NA,argentina,origin,1,TIERRA DEL FUEGO,1
timor,NA,NA,origin,1,TIMOR,1
tinian,NA,northern mariana islands,destination,1,ISLE TINIAN,1
toamasina,NA,madagascar,origin,20,ST AUGUSTINE,6
toamasina,NA,madagascar,origin,20,ST MARYS MADAGASCAR,3
toamasina,NA,madagascar,origin,20,"AUGUSTINE BAY, MADAGASCAR",2
toamasina,NA,madagascar,origin,20,"ST MARYS, MADAGASCAR",2
toamasina,NA,madagascar,origin,20,"DAUPHIN BAY, MADAGASCAR",1
toamasina,NA,madagascar,origin,20,MARVILE MADAGASCAR,1
toamasina,NA,madagascar,origin,20,MORANDAVA (MADAGASCAR),1
toamasina,NA,madagascar,origin,20,"ST AUGUSTINE'S BAY, MADAGASCAR",1
toamasina,NA,madagascar,origin,20,"ST AUGUSTINS BAY, MADAGASCAR",1
toamasina,NA,madagascar,origin,20,ST. AUGUSTINE MADAGASCAR,1
toamasina,NA,madagascar,origin,20,TABLE BAY TOWARDS MADAGASCAR,1
toamasina,NA,madagascar,destination,13,MADAGASCAR,7
toamasina,NA,madagascar,destination,13,"FORT DAUPHIN BAY, MADAGASCAR",1
toamasina,NA,madagascar,destination,13,ST AUGUSTINE MADAGASCAR,1
toamasina,NA,madagascar,destination,13,"ST. AUGUSTINE, MADAGASCAR",1
toamasina,NA,madagascar,destination,13,"ST. AUGUSTINES, MADAGASCAR",1
toamasina,NA,madagascar,destination,13,ST. MARYS ROAD MADAGASCAR,1
toamasina,NA,madagascar,destination,13,"TAMATAVE, MADAGASCAR",1
tongatapu,NA,tonga,origin,1,PYLSTAERT (NR TONGA),1
tongatapu,NA,tonga,destination,1,TONGA,1
tongatapu,NA,tonga,origin,1,TONGATABOU,1
torquay,devon,uk,origin,48,TORBAY,14
torquay,devon,uk,origin,2,TORBAY UK,2
toulon,NA,france,origin,1,TOULON,1
trincomalee,NA,sri lanka,origin,8,TRINCOMALEE,8
trincomalee,NA,sri lanka,destination,3,TRINCOMALEE VIA FUNCHAL,1
trincomalee,NA,sri lanka,destination,3,TRINCONOMALE,1
trincomalee,NA,sri lanka,destination,3,TRINCONOMALLE,1
trincomalee,NA,sri lanka,origin,2,TRINCOMALE,2
trincomalee,NA,sri lanka,origin,1,TIRIKUNAMALAYA,1
trincomalee,NA,sri lanka,origin,1,"BACK BAY, TRINCOMALEE",1
trinidad,NA,trinidad,origin,3,LAGOS BAY,3
trinidad,NA,trinidad,destination,1,TRINDADA,1
trinidad,NA,trinidad,origin,1,TRINIDADA,1
trondheim,NA,norway,destination,1,DRONTHEM,1
unknown,NA,NA,origin,17,UNKNOWN,8
unknown,NA,NA,origin,17,COASTAL,6
unknown,NA,NA,origin,17,CRUISING,2
unknown,NA,NA,origin,17,DESCONOCIDO (MARES DE NICARAGUA),1
unknown,NA,NA,destination,4,DESCONOCIDO,3
unknown,NA,NA,destination,4,OFF SHORE,1
unknown,NA,NA,origin,3,EQUATOR,3
unknown,NA,NA,origin,1,NEAR EQUATOR,1
unknown,NA,NA,destination,1,SEARCHING FOR AN ISLAND,1
unknown,NA,NA,destination,1,TOWARDS EQUATOR,1
ushant,NA,france,destination,1,CRUISING OF USHANT,1
ushant,NA,france,destination,1,CRUISING OFF USHANT,1
ushant,NA,france,origin,1,USHANT,1
valdivia,NA,chile,destination,1,VALDIVIA,1
valdivia,NA,chile,origin,1,VALDIVIA (CHILE),1
valparaíso,NA,chile,destination,2,VALPARAISO,1
valparaíso,NA,chile,destination,2,VALPARAÍSO (CHILE),1
valparaíso,NA,chile,origin,1,VALPARAÍSO,1
vancouver,british columbia,canada,origin,1,COAL HARBOUR,1
veracruz,NA,mexico,origin,11,VERACRUZ,8
veracruz,NA,mexico,origin,11,VERACRUZ.,2
veracruz,NA,mexico,origin,11,VERACRUZ (MÉXICO),1
visakhapatnam,andhra pradesh,india,origin,1,VIZAGAPATNAM,1
waterford,NA,NA,origin,2,WATERFORD,2
waygiou,NA,NA,origin,1,WAYGIOU,1
wellington,NA,new zealand,destination,3,NEW ZEALAND,3
wellington,NA,new zealand,origin,1,CAPE PALLISSER NEW ZEALAND,1
west africa,NA,NA,origin,5,WEST AFRIKA,5
west africa,NA,NA,destination,3,WEST AFRICA,3
west africa,NA,NA,origin,2,AFRIKA,2
west africa,NA,NA,origin,1,W AFRIKA,1
west africa,NA,NA,origin,1,WEST-AFRIKA,1
west indies,NA,NA,origin,4,WEST INDIES,4
west indies,NA,NA,destination,1,WEST INDIE,1
west indies,NA,NA,origin,1,WEST-INDIE,1
westray head,NA,NA,origin,1,WESTRAY HEAD,1
weymouth,NA,NA,destination,1,WEYMOUTH,1
whitby,north yorkshire,uk,origin,1,WHITBY BAY UK,1
willemstad,NA,curacao,origin,15,CURACAO,15
winnebah,NA,NA,origin,1,WINNEBAH,1
woodmans bay,NA,dominca,destination,1,WOODMANS BAY DOMINICA,1
woolwich,NA,uk,destination,1,WOOLWICH UK,1
wydah,NA,benin,origin,1,WYDAH,1
wymoa bay,NA,NA,destination,1,WYMOA BAY,1
yam bay,NA,NA,destination,1,YAM BAY,1
york harbour,newfoundland,canda,origin,1,YORK HARBOUR (NEWFOUNDLAND),1
york harbour,newfoundland,canda,destination,1,"YORK HARBOUR, NEWFOUNDLAND",1
zanteme,NA,gabon,origin,1,ZANTEME,1
zanzibar,NA,tanzania,destination,1,ZANZIBAR,1
